,certainty
0,5.0
1,5.0
2,4.0
3,5.0
4,1.0
5,2.0
6,5.0
7,4.0
8,4.0
9,2.0
10,5.0
11,5.0
12,4.0
13,4.0
14,3.0
15,3.0
16,4.0
17,4.0
18,5.0
19,5.0
20,5.0
21,5.0
22,4.0
23,4.0
24,5.0
25,4.0
26,4.0
27,3.0
28,3.0
29,4.0
30,4.0
31,4.0
32,4.0
33,3.0
34,5.0
35,5.0
36,5.0
37,5.0
38,1.0
39,5.0
40,4.0
41,4.0
42,5.0
43,5.0
44,5.0
45,5.0
46,4.0
47,4.0
48,1.0
49,3.0
50,5.0
51,3.0
52,4.0
53,5.0
54,5.0
55,5.0
56,5.0
57,5.0
58,5.0
59,4.0
60,5.0
61,5.0
62,5.0
63,4.0
64,5.0
65,4.0
66,4.0
67,5.0
68,5.0
69,4.0
70,4.0
71,5.0
72,5.0
73,5.0
74,5.0
75,5.0
76,5.0
77,3.0
78,3.0
79,4.0
80,5.0
81,4.0
82,4.0
83,4.0
84,3.0
85,5.0
86,4.0
87,4.0
88,5.0
89,5.0
90,5.0
91,3.0
92,3.0
93,5.0
94,5.0
95,5.0
96,4.0
97,5.0
98,5.0
99,4.0
100,3.0
101,5.0
102,5.0
103,5.0
104,4.0
105,4.0
106,5.0
107,5.0
108,3.0
109,5.0
110,5.0
111,4.0
112,5.0
113,5.0
114,4.0
115,4.0
116,5.0
117,5.0
118,4.0
119,5.0
120,3.0
121,5.0
122,5.0
123,5.0
124,4.0
125,5.0
126,5.0
127,5.0
128,5.0
129,4.0
130,3.0
131,5.0
132,4.0
133,5.0
134,4.0
135,3.0
136,3.0
137,4.0
138,4.0
139,5.0
140,4.0
141,4.0
142,4.0
143,5.0
144,3.0
145,3.0
146,3.0
147,3.0
148,3.0
149,3.0
150,3.0
151,5.0
152,4.0
153,5.0
154,5.0
155,5.0
156,4.0
157,4.0
158,5.0
159,5.0
160,5.0
161,5.0
162,5.0
163,5.0
164,4.0
165,4.0
166,5.0
167,5.0
168,5.0
169,4.0
170,5.0
171,4.0
172,4.0
173,3.0
174,3.0
175,4.0
176,4.0
177,3.0
178,5.0
179,5.0
180,5.0
181,3.0
182,4.0
183,5.0
184,5.0
185,4.0
186,4.0
187,4.0
188,4.0
189,4.0
190,4.0
191,4.0
192,5.0
193,5.0
194,5.0
195,5.0
196,3.0
197,3.0
198,3.0
199,5.0
200,4.0
201,5.0
202,5.0
203,5.0
204,5.0
205,5.0
206,5.0
207,5.0
208,3.0
209,4.0
210,5.0
211,4.0
212,5.0
213,5.0
214,4.0
215,5.0
216,5.0
217,5.0
218,4.0
219,5.0
220,5.0
221,4.0
222,5.0
223,5.0
224,5.0
225,4.0
226,5.0
227,5.0
228,4.0
229,5.0
230,5.0
231,5.0
232,4.0
233,5.0
234,4.0
235,4.0
236,3.0
237,3.0
238,5.0
239,5.0
240,5.0
241,5.0
242,5.0
243,5.0
244,5.0
245,4.0
246,5.0
247,3.0
248,4.0
249,4.0
250,4.0
251,5.0
252,4.0
253,5.0
254,5.0
255,4.0
256,5.0
257,3.0
258,4.0
259,5.0
260,5.0
261,5.0
262,3.0
263,5.0
264,4.0
265,5.0
266,4.0
267,4.0
268,3.0
269,4.0
270,4.0
271,5.0
272,2.0
273,4.0
274,4.0
275,4.0
276,4.0
277,4.0
278,5.0
279,5.0
280,5.0
281,5.0
282,5.0
283,4.0
284,5.0
285,5.0
286,5.0
287,5.0
288,5.0
289,3.0
290,5.0
291,5.0
292,5.0
293,4.0
294,5.0
295,5.0
296,5.0
297,5.0
298,5.0
299,4.0
300,4.0
301,4.0
302,4.0
303,4.0
304,5.0
305,5.0
306,3.0
307,3.0
308,5.0
309,5.0
310,3.0
311,5.0
312,4.0
313,4.0
314,4.0
315,4.0
316,4.0
317,4.0
318,4.0
319,4.0
320,4.0
321,5.0
322,5.0
323,5.0
324,5.0
325,4.0
326,5.0
327,5.0
328,5.0
329,5.0
330,5.0
331,5.0
332,5.0
333,5.0
334,4.0
335,4.0
336,5.0
337,4.0
338,4.0
339,3.0
340,4.0
341,5.0
342,5.0
343,3.0
344,5.0
345,3.0
346,5.0
347,5.0
348,5.0
349,4.0
350,3.0
351,5.0
352,5.0
353,5.0
354,3.0
355,5.0
356,5.0
357,5.0
358,5.0
359,5.0
360,5.0
361,5.0
362,5.0
363,3.0
364,3.0
365,5.0
366,5.0
367,5.0
368,5.0
369,4.0
370,5.0
371,4.0
372,4.0
373,4.0
374,4.0
375,5.0
376,5.0
377,3.0
378,4.0
379,4.0
380,5.0
381,4.0
382,4.0
383,4.0
384,4.0
385,5.0
386,2.0
387,5.0
388,5.0
389,5.0
390,5.0
391,5.0
392,5.0
393,5.0
394,5.0
395,5.0
396,5.0
397,5.0
398,5.0
399,5.0
400,4.0
401,4.0
402,4.0
403,5.0
404,5.0
405,3.0
406,4.0
407,3.0
408,3.0
409,4.0
410,5.0
411,4.0
412,3.0
413,5.0
414,4.0
415,4.0
416,4.0
417,5.0
418,5.0
419,5.0
420,5.0
421,5.0
422,4.0
423,5.0
424,3.0
425,5.0
426,5.0
427,5.0
428,5.0
429,5.0
430,4.0
431,4.0
432,3.0
433,3.0
434,3.0
435,4.0
436,4.0
437,3.0
438,5.0
439,5.0
440,5.0
441,4.0
442,5.0
443,5.0
444,3.0
445,3.0
446,3.0
447,4.0
448,4.0
449,4.0
450,4.0
451,5.0
452,4.0
453,5.0
454,4.0
455,4.0
456,3.0
457,5.0
458,5.0
459,5.0
460,5.0
461,5.0
462,5.0
463,5.0
464,4.0
465,4.0
466,5.0
467,5.0
468,5.0
469,3.0
470,5.0
471,5.0
472,3.0
473,5.0
474,5.0
475,4.0
476,5.0
477,5.0
478,3.0
479,5.0
480,4.0
481,4.0
482,5.0
483,4.0
484,4.0
485,4.0
486,5.0
487,3.0
488,3.0
489,5.0
490,5.0
491,5.0
492,4.0
493,4.0
494,4.0
495,4.0
496,5.0
497,3.0
498,5.0
499,5.0
500,3.0
501,5.0
502,5.0
503,4.0
504,5.0
505,4.0
506,4.0
507,5.0
508,3.0
509,5.0
510,4.0
511,3.0
512,5.0
513,3.0
514,5.0
515,5.0
516,3.0
517,5.0
518,4.0
519,4.0
520,5.0
521,5.0
522,5.0
523,5.0
524,4.0
525,5.0
526,4.0
527,5.0
528,5.0
529,4.0
530,5.0
531,3.0
532,3.0
533,5.0
534,5.0
535,5.0
536,5.0
537,5.0
538,5.0
539,3.0
540,5.0
541,3.0
542,5.0
543,5.0
544,4.0
545,4.0
546,4.0
547,5.0
548,5.0
549,5.0
550,5.0
551,4.0
552,5.0
553,4.0
554,5.0
555,5.0
556,4.0
557,4.0
558,4.0
559,4.0
560,5.0
561,5.0
562,5.0
563,5.0
564,5.0
565,5.0
566,4.0
567,4.0
568,3.0
569,5.0
570,5.0
571,4.0
572,3.0
573,2.0
574,5.0
575,5.0
576,5.0
577,5.0
578,5.0
579,4.0
580,4.0
581,2.0
582,4.0
583,5.0
584,3.0
585,3.0
586,3.0
587,5.0
588,3.0
589,3.0
590,4.0
591,3.0
592,3.0
593,5.0
594,5.0
595,4.0
596,4.0
597,5.0
598,5.0
599,5.0
600,5.0
601,5.0
602,5.0
603,5.0
604,5.0
605,5.0
606,5.0
607,5.0
608,5.0
609,5.0
610,5.0
611,4.0
612,4.0
613,5.0
614,5.0
615,3.0
616,3.0
617,5.0
618,5.0
619,5.0
620,5.0
621,5.0
622,5.0
623,5.0
624,5.0
625,5.0
626,5.0
627,4.0
628,5.0
629,5.0
630,4.0
631,3.0
632,4.0
633,5.0
634,4.0
635,5.0
636,5.0
637,4.0
638,4.0
639,5.0
640,4.0
641,5.0
642,5.0
643,5.0
644,4.0
645,4.0
646,4.0
647,4.0
648,4.0
649,4.0
650,5.0
651,3.0
652,4.0
653,5.0
654,5.0
655,5.0
656,5.0
657,5.0
658,5.0
659,5.0
660,5.0
661,4.0
662,4.0
663,3.0
664,3.0
665,4.0
666,4.0
667,2.0
668,5.0
669,2.0
670,2.0
671,5.0
672,5.0
673,4.0
674,5.0
675,5.0
676,4.0
677,5.0
678,5.0
679,5.0
680,4.0
681,4.0
682,5.0
683,4.0
684,3.0
685,4.0
686,5.0
687,5.0
688,5.0
689,5.0
690,3.0
691,4.0
692,5.0
693,3.0
694,5.0
695,5.0
696,5.0
697,5.0
698,5.0
699,4.0
700,4.0
701,4.0
702,2.0
703,4.0
704,4.0
705,4.0
706,4.0
707,3.0
708,5.0
709,5.0
710,3.0
711,4.0
712,4.0
713,3.0
714,4.0
715,5.0
716,5.0
717,5.0
718,5.0
719,3.0
720,5.0
721,5.0
722,2.0
723,2.0
724,4.0
725,4.0
726,4.0
727,4.0
728,4.0
729,4.0
730,4.0
731,4.0
732,5.0
733,5.0
734,5.0
735,5.0
736,5.0
737,5.0
738,4.0
739,5.0
740,5.0
741,4.0
742,5.0
743,3.0
744,5.0
745,5.0
746,4.0
747,4.0
748,4.0
749,3.0
750,5.0
751,5.0
752,5.0
753,5.0
754,4.0
755,2.0
756,1.0
757,3.0
758,3.0
759,5.0
760,5.0
761,5.0
762,4.0
763,5.0
764,5.0
765,4.0
766,5.0
767,5.0
768,5.0
769,4.0
770,4.0
771,5.0
772,5.0
773,5.0
774,5.0
775,4.0
776,4.0
777,5.0
778,5.0
779,5.0
780,5.0
781,5.0
782,5.0
783,5.0
784,5.0
785,4.0
786,4.0
787,4.0
788,4.0
789,5.0
790,5.0
791,5.0
792,5.0
793,2.0
794,2.0
795,4.0
796,2.0
797,4.0
798,4.0
799,5.0
800,4.0
801,4.0
802,5.0
803,3.0
804,2.0
805,5.0
806,5.0
807,4.0
808,5.0
809,3.0
810,5.0
811,5.0
812,5.0
813,4.0
814,5.0
815,5.0
816,5.0
817,4.0
818,4.0
819,5.0
820,3.0
821,5.0
822,5.0
823,5.0
824,3.0
825,5.0
826,5.0
827,5.0
828,3.0
829,1.0
830,5.0
831,5.0
832,5.0
833,4.0
834,5.0
835,5.0
836,5.0
837,5.0
838,5.0
839,5.0
840,5.0
841,4.0
842,5.0
843,5.0
844,5.0
845,5.0
846,5.0
847,4.0
848,5.0
849,5.0
850,5.0
851,5.0
852,5.0
853,5.0
854,3.0
855,5.0
856,5.0
857,5.0
858,5.0
859,5.0
860,5.0
861,5.0
862,4.0
863,4.0
864,5.0
865,5.0
866,5.0
867,5.0
868,4.0
869,5.0
870,3.0
871,5.0
872,5.0
873,5.0
874,5.0
875,5.0
876,5.0
877,5.0
878,5.0
879,5.0
880,4.0
881,4.0
882,4.0
883,5.0
884,5.0
885,5.0
886,4.0
887,3.0
888,2.0
889,5.0
890,4.0
891,4.0
892,4.0
893,3.0
894,4.0
895,5.0
896,5.0
897,5.0
898,5.0
899,5.0
900,4.0
901,4.0
902,4.0
903,4.0
904,2.0
905,2.0
906,5.0
907,3.0
908,5.0
909,5.0
910,5.0
911,5.0
912,5.0
913,5.0
914,5.0
915,4.0
916,4.0
917,4.0
918,5.0
919,5.0
920,5.0
921,5.0
922,5.0
923,5.0
924,5.0
925,5.0
926,5.0
927,5.0
928,4.0
929,3.0
930,5.0
931,4.0
932,4.0
933,3.0
934,2.0
935,4.0
936,5.0
937,3.0
938,5.0
939,5.0
940,5.0
941,5.0
942,5.0
943,5.0
944,3.0
945,5.0
946,5.0
947,5.0
948,5.0
949,5.0
950,4.0
951,5.0
952,3.0
953,5.0
954,5.0
955,5.0
956,5.0
957,5.0
958,5.0
959,5.0
960,5.0
961,4.0
962,5.0
963,5.0
964,5.0
965,5.0
966,5.0
967,5.0
968,5.0
969,4.0
970,5.0
971,2.0
972,5.0
973,5.0
974,5.0
975,5.0
976,5.0
977,5.0
978,3.0
979,3.0
980,4.0
981,4.0
982,5.0
983,5.0
984,5.0
985,3.0
986,5.0
987,5.0
988,4.0
989,4.0
990,4.0
991,4.0
992,4.0
993,2.0
994,4.0
995,5.0
996,3.0
997,3.0
998,5.0
999,4.0
1000,2.0
1001,2.0
1002,5.0
1003,5.0
1004,4.0
1005,5.0
1006,4.0
1007,5.0
1008,4.0
1009,5.0
1010,1.0
1011,4.0
1012,3.0
1013,4.0
1014,4.0
1015,5.0
1016,4.0
1017,4.0
1018,2.0
1019,2.0
1020,5.0
1021,4.0
1022,4.0
1023,3.0
1024,4.0
1025,5.0
1026,4.0
1027,3.0
1028,3.0
1029,5.0
1030,5.0
1031,5.0
1032,5.0
1033,5.0
1034,5.0
1035,5.0
1036,5.0
1037,3.0
1038,5.0
1039,5.0
1040,4.0
1041,4.0
1042,4.0
1043,4.0
1044,5.0
1045,5.0
1046,3.0
1047,5.0
1048,5.0
1049,3.0
1050,5.0
1051,5.0
1052,5.0
1053,5.0
1054,4.0
1055,5.0
1056,5.0
1057,5.0
1058,3.0
1059,4.0
1060,5.0
1061,1.0
1062,1.0
1063,5.0
1064,5.0
1065,3.0
1066,2.0
1067,3.0
1068,4.0
1069,5.0
1070,5.0
1071,5.0
1072,5.0
1073,2.0
1074,5.0
1075,4.0
1076,4.0
1077,5.0
1078,4.0
1079,4.0
1080,3.0
1081,5.0
1082,4.0
1083,4.0
1084,3.0
1085,5.0
1086,5.0
1087,5.0
1088,5.0
1089,5.0
1090,4.0
1091,4.0
1092,4.0
1093,5.0
1094,4.0
1095,5.0
1096,5.0
1097,5.0
1098,5.0
1099,5.0
1100,4.0
1101,4.0
1102,4.0
1103,5.0
1104,5.0
1105,5.0
1106,3.0
1107,3.0
1108,5.0
1109,5.0
1110,5.0
1111,4.0
1112,5.0
1113,5.0
1114,4.0
1115,5.0
1116,5.0
1117,5.0
1118,5.0
1119,2.0
1120,4.0
1121,3.0
1122,3.0
1123,5.0
1124,5.0
1125,5.0
1126,4.0
1127,5.0
1128,5.0
1129,4.0
1130,3.0
1131,5.0
1132,5.0
1133,4.0
1134,3.0
1135,4.0
1136,4.0
1137,5.0
1138,5.0
1139,3.0
1140,4.0
1141,4.0
1142,4.0
1143,5.0
1144,5.0
1145,5.0
1146,5.0
1147,5.0
1148,5.0
1149,4.0
1150,5.0
1151,5.0
1152,5.0
1153,5.0
1154,5.0
1155,5.0
1156,5.0
1157,5.0
1158,5.0
1159,5.0
1160,5.0
1161,5.0
1162,5.0
1163,3.0
1164,5.0
1165,2.0
1166,5.0
1167,5.0
1168,5.0
1169,4.0
1170,5.0
1171,5.0
1172,4.0
1173,4.0
1174,5.0
1175,5.0
1176,5.0
1177,5.0
1178,5.0
1179,5.0
1180,5.0
1181,5.0
1182,5.0
1183,3.0
1184,5.0
1185,5.0
1186,5.0
1187,5.0
1188,4.0
1189,4.0
1190,5.0
1191,5.0
1192,5.0
1193,5.0
1194,5.0
1195,5.0
1196,5.0
1197,5.0
1198,5.0
1199,4.0
1200,4.0
1201,4.0
1202,4.0
1203,5.0
1204,4.0
1205,4.0
1206,2.0
1207,2.0
1208,2.0
1209,2.0
1210,5.0
1211,5.0
1212,3.0
1213,5.0
1214,5.0
1215,5.0
1216,5.0
1217,5.0
1218,5.0
1219,4.0
1220,5.0
1221,5.0
1222,5.0
1223,5.0
1224,5.0
1225,5.0
1226,4.0
1227,4.0
1228,5.0
1229,5.0
1230,5.0
1231,5.0
1232,2.0
1233,1.0
1234,4.0
1235,3.0
1236,5.0
1237,5.0
1238,4.0
1239,5.0
1240,5.0
1241,5.0
1242,2.0
1243,4.0
1244,3.0
1245,4.0
1246,5.0
1247,5.0
1248,5.0
1249,4.0
1250,5.0
1251,3.0
1252,5.0
1253,5.0
1254,5.0
1255,3.0
1256,3.0
1257,5.0
1258,5.0
1259,4.0
1260,4.0
1261,4.0
1262,4.0
1263,5.0
1264,4.0
1265,3.0
1266,5.0
1267,5.0
1268,5.0
1269,4.0
1270,5.0
1271,5.0
1272,3.0
1273,5.0
1274,5.0
1275,5.0
1276,4.0
1277,4.0
1278,4.0
1279,5.0
1280,5.0
1281,5.0
1282,5.0
1283,5.0
1284,5.0
1285,5.0
1286,4.0
1287,4.0
1288,4.0
1289,4.0
1290,4.0
1291,4.0
1292,5.0
1293,5.0
1294,5.0
1295,5.0
1296,5.0
1297,5.0
1298,5.0
1299,5.0
1300,5.0
1301,4.0
1302,3.0
1303,4.0
1304,3.0
1305,4.0
1306,4.0
1307,4.0
1308,5.0
1309,3.0
1310,4.0
1311,3.0
1312,4.0
1313,4.0
1314,3.0
1315,3.0
1316,4.0
1317,4.0
1318,5.0
1319,2.0
1320,4.0
1321,5.0
1322,5.0
1323,4.0
1324,3.0
1325,3.0
1326,5.0
1327,5.0
1328,5.0
1329,5.0
1330,5.0
1331,5.0
1332,5.0
1333,3.0
1334,5.0
1335,5.0
1336,5.0
1337,5.0
1338,3.0
1339,5.0
1340,4.0
1341,4.0
1342,2.0
1343,5.0
1344,4.0
1345,4.0
1346,4.0
1347,4.0
1348,4.0
1349,5.0
1350,5.0
1351,5.0
1352,5.0
1353,5.0
1354,3.0
1355,3.0
1356,4.0
1357,5.0
1358,4.0
1359,5.0
1360,4.0
1361,5.0
1362,4.0
1363,5.0
1364,4.0
1365,5.0
1366,5.0
1367,3.0
1368,4.0
1369,4.0
1370,4.0
1371,5.0
1372,4.0
1373,4.0
1374,5.0
1375,4.0
1376,5.0
1377,5.0
1378,4.0
1379,5.0
1380,4.0
1381,5.0
1382,5.0
1383,4.0
1384,4.0
1385,5.0
1386,5.0
1387,5.0
1388,5.0
1389,3.0
1390,4.0
1391,4.0
1392,5.0
1393,5.0
1394,1.0
1395,5.0
1396,5.0
1397,5.0
1398,5.0
1399,5.0
1400,4.0
1401,4.0
1402,5.0
1403,5.0
1404,4.0
1405,5.0
1406,5.0
1407,4.0
1408,4.0
1409,4.0
1410,3.0
1411,3.0
1412,3.0
1413,4.0
1414,4.0
1415,3.0
1416,2.0
1417,4.0
1418,5.0
1419,4.0
1420,5.0
1421,5.0
1422,5.0
1423,4.0
1424,5.0
1425,4.0
1426,4.0
1427,5.0
1428,3.0
1429,5.0
1430,5.0
1431,5.0
1432,5.0
1433,3.0
1434,3.0
1435,3.0
1436,4.0
1437,5.0
1438,5.0
1439,5.0
1440,5.0
1441,5.0
1442,5.0
1443,5.0
1444,5.0
1445,3.0
1446,4.0
1447,5.0
1448,5.0
1449,5.0
1450,4.0
1451,5.0
1452,4.0
1453,4.0
1454,4.0
1455,5.0
1456,5.0
1457,5.0
1458,5.0
1459,5.0
1460,5.0
1461,4.0
1462,4.0
1463,5.0
1464,4.0
1465,5.0
1466,5.0
1467,5.0
1468,5.0
1469,5.0
1470,5.0
1471,3.0
1472,5.0
1473,4.0
1474,4.0
1475,4.0
1476,5.0
1477,5.0
1478,3.0
1479,3.0
1480,4.0
1481,4.0
1482,4.0
1483,4.0
1484,4.0
1485,5.0
1486,4.0
1487,5.0
1488,4.0
1489,5.0
1490,4.0
1491,5.0
1492,4.0
1493,3.0
1494,3.0
1495,5.0
1496,4.0
1497,4.0
1498,5.0
1499,5.0
1500,5.0
1501,5.0
1502,5.0
1503,5.0
1504,4.0
1505,4.0
1506,5.0
1507,3.0
1508,4.0
1509,3.0
1510,5.0
1511,5.0
1512,5.0
1513,4.0
1514,4.0
1515,5.0
1516,5.0
1517,5.0
1518,5.0
1519,4.0
1520,4.0
1521,5.0
1522,5.0
1523,4.0
1524,4.0
1525,5.0
1526,5.0
1527,2.0
1528,2.0
1529,5.0
1530,1.0
1531,5.0
1532,5.0
1533,4.0
1534,5.0
1535,5.0
1536,5.0
1537,5.0
1538,5.0
1539,5.0
1540,5.0
1541,5.0
1542,5.0
1543,5.0
1544,4.0
1545,4.0
1546,4.0
1547,5.0
1548,5.0
1549,5.0
1550,4.0
1551,4.0
1552,3.0
1553,5.0
1554,4.0
1555,4.0
1556,5.0
1557,5.0
1558,5.0
1559,5.0
1560,5.0
1561,4.0
1562,5.0
1563,5.0
1564,5.0
1565,5.0
1566,5.0
1567,5.0
1568,5.0
1569,5.0
1570,5.0
1571,3.0
1572,5.0
1573,5.0
1574,5.0
1575,5.0
1576,5.0
1577,4.0
1578,4.0
1579,4.0
1580,4.0
1581,4.0
1582,4.0
1583,5.0
1584,3.0
1585,5.0
1586,5.0
1587,4.0
1588,5.0
1589,5.0
1590,5.0
1591,5.0
1592,5.0
1593,2.0
1594,3.0
1595,3.0
1596,5.0
1597,5.0
1598,3.0
1599,5.0
1600,5.0
1601,4.0
1602,4.0
1603,5.0
1604,5.0
1605,5.0
1606,5.0
1607,5.0
1608,5.0
1609,5.0
1610,5.0
1611,5.0
1612,5.0
1613,3.0
1614,5.0
1615,5.0
1616,5.0
1617,5.0
1618,3.0
1619,5.0
1620,5.0
1621,5.0
1622,5.0
1623,4.0
1624,4.0
1625,3.0
1626,5.0
1627,5.0
1628,5.0
1629,5.0
1630,5.0
1631,5.0
1632,5.0
1633,5.0
1634,4.0
1635,4.0
1636,5.0
1637,5.0
1638,5.0
1639,5.0
1640,4.0
1641,4.0
1642,4.0
1643,4.0
1644,4.0
1645,5.0
1646,4.0
1647,5.0
1648,5.0
1649,5.0
1650,4.0
1651,4.0
1652,3.0
1653,3.0
1654,4.0
1655,5.0
1656,3.0
1657,5.0
1658,5.0
1659,4.0
1660,4.0
1661,4.0
1662,3.0
1663,5.0
1664,5.0
1665,3.0
1666,5.0
1667,5.0
1668,5.0
1669,5.0
1670,5.0
1671,5.0
1672,5.0
1673,3.0
1674,4.0
1675,3.0
1676,5.0
1677,5.0
1678,5.0
1679,5.0
1680,5.0
1681,5.0
1682,5.0
1683,4.0
1684,5.0
1685,5.0
1686,5.0
1687,4.0
1688,4.0
1689,4.0
1690,5.0
1691,5.0
1692,4.0
1693,4.0
1694,5.0
1695,4.0
1696,5.0
1697,5.0
1698,4.0
1699,4.0
1700,4.0
1701,4.0
1702,4.0
1703,5.0
1704,5.0
1705,5.0
1706,5.0
1707,4.0
1708,5.0
1709,5.0
1710,4.0
1711,4.0
1712,4.0
1713,3.0
1714,3.0
1715,3.0
1716,5.0
1717,5.0
1718,4.0
1719,5.0
1720,4.0
1721,4.0
1722,3.0
1723,3.0
1724,5.0
1725,3.0
1726,5.0
1727,5.0
1728,3.0
1729,5.0
1730,4.0
1731,4.0
1732,4.0
1733,4.0
1734,5.0
1735,4.0
1736,4.0
1737,4.0
1738,4.0
1739,4.0
1740,4.0
1741,4.0
1742,4.0
1743,5.0
1744,3.0
1745,4.0
1746,5.0
1747,5.0
1748,2.0
1749,5.0
1750,5.0
1751,5.0
1752,5.0
1753,4.0
1754,5.0
1755,4.0
1756,3.0
1757,5.0
1758,4.0
1759,5.0
1760,4.0
1761,4.0
1762,3.0
1763,5.0
1764,4.0
1765,5.0
1766,5.0
1767,5.0
1768,5.0
1769,5.0
1770,5.0
1771,4.0
1772,3.0
1773,4.0
1774,5.0
1775,4.0
1776,4.0
1777,4.0
1778,3.0
1779,5.0
1780,3.0
1781,4.0
1782,4.0
1783,5.0
1784,5.0
1785,4.0
1786,4.0
1787,4.0
1788,5.0
1789,5.0
1790,4.0
1791,4.0
1792,4.0
1793,5.0
1794,5.0
1795,4.0
1796,5.0
1797,5.0
1798,5.0
1799,5.0
1800,5.0
1801,5.0
1802,4.0
1803,3.0
1804,4.0
1805,3.0
1806,5.0
1807,5.0
1808,2.0
1809,2.0
1810,5.0
1811,5.0
1812,5.0
1813,4.0
1814,5.0
1815,4.0
1816,5.0
1817,5.0
1818,4.0
1819,5.0
1820,3.0
1821,5.0
1822,2.0
1823,5.0
1824,5.0
1825,3.0
1826,3.0
1827,3.0
1828,3.0
1829,3.0
1830,5.0
1831,3.0
1832,4.0
1833,5.0
1834,5.0
1835,5.0
1836,4.0
1837,5.0
1838,4.0
1839,5.0
1840,5.0
1841,4.0
1842,4.0
1843,4.0
1844,5.0
1845,5.0
1846,5.0
1847,4.0
1848,4.0
1849,4.0
1850,5.0
1851,5.0
1852,5.0
1853,4.0
1854,3.0
1855,5.0
1856,5.0
1857,5.0
1858,4.0
1859,5.0
1860,5.0
1861,5.0
1862,5.0
1863,4.0
1864,4.0
1865,4.0
1866,5.0
1867,5.0
1868,4.0
1869,4.0
1870,5.0
1871,5.0
1872,5.0
1873,4.0
1874,5.0
1875,3.0
1876,4.0
1877,4.0
1878,5.0
1879,5.0
1880,5.0
1881,5.0
1882,5.0
1883,5.0
1884,5.0
1885,5.0
1886,5.0
1887,5.0
1888,5.0
1889,4.0
1890,5.0
1891,4.0
1892,4.0
1893,4.0
1894,4.0
1895,3.0
1896,5.0
1897,5.0
1898,5.0
1899,5.0
1900,4.0
1901,4.0
1902,4.0
1903,5.0
1904,5.0
1905,5.0
1906,5.0
1907,5.0
1908,4.0
1909,2.0
1910,5.0
1911,5.0
1912,5.0
1913,5.0
1914,5.0
1915,5.0
1916,5.0
1917,5.0
1918,4.0
1919,4.0
1920,5.0
1921,5.0
1922,5.0
1923,5.0
1924,5.0
1925,5.0
1926,5.0
1927,4.0
1928,5.0
1929,5.0
1930,4.0
1931,5.0
1932,5.0
1933,5.0
1934,5.0
1935,4.0
1936,5.0
1937,5.0
1938,5.0
1939,3.0
1940,5.0
1941,5.0
1942,5.0
1943,5.0
1944,5.0
1945,5.0
1946,5.0
1947,5.0
1948,3.0
1949,3.0
1950,4.0
1951,5.0
1952,4.0
1953,5.0
1954,4.0
1955,4.0
1956,5.0
1957,4.0
1958,4.0
1959,4.0
1960,5.0
1961,5.0
1962,5.0
1963,5.0
1964,5.0
1965,5.0
1966,5.0
1967,5.0
1968,4.0
1969,4.0
1970,4.0
1971,4.0
1972,5.0
1973,5.0
1974,5.0
1975,3.0
1976,5.0
1977,5.0
1978,5.0
1979,4.0
1980,5.0
1981,3.0
1982,4.0
1983,4.0
1984,4.0
1985,4.0
1986,4.0
1987,5.0
1988,5.0
1989,4.0
1990,4.0
1991,5.0
1992,5.0
1993,3.0
1994,5.0
1995,5.0
1996,3.0
1997,5.0
1998,5.0
1999,5.0
2000,5.0
2001,5.0
2002,5.0
2003,5.0
2004,5.0
2005,3.0
2006,5.0
2007,5.0
2008,3.0
2009,3.0
2010,4.0
2011,4.0
2012,4.0
2013,4.0
2014,3.0
2015,3.0
2016,5.0
2017,4.0
2018,5.0
2019,3.0
2020,3.0
2021,5.0
2022,4.0
2023,3.0
2024,3.0
2025,4.0
2026,4.0
2027,4.0
2028,4.0
2029,4.0
2030,5.0
2031,5.0
2032,5.0
2033,5.0
2034,5.0
2035,3.0
2036,3.0
2037,3.0
2038,5.0
2039,5.0
2040,4.0
2041,5.0
2042,4.0
2043,5.0
2044,5.0
2045,4.0
2046,5.0
2047,4.0
2048,4.0
2049,4.0
2050,5.0
2051,5.0
2052,4.0
2053,4.0
2054,5.0
2055,3.0
2056,4.0
2057,4.0
2058,5.0
2059,1.0
2060,2.0
2061,2.0
2062,4.0
2063,2.0
2064,5.0
2065,1.0
2066,5.0
2067,4.0
2068,5.0
2069,4.0
2070,5.0
2071,5.0
2072,5.0
2073,4.0
2074,4.0
2075,4.0
2076,4.0
2077,4.0
2078,5.0
2079,5.0
2080,5.0
2081,4.0
2082,3.0
2083,3.0
2084,5.0
2085,5.0
2086,5.0
2087,3.0
2088,4.0
2089,5.0
2090,3.0
2091,5.0
2092,5.0
2093,5.0
2094,3.0
2095,3.0
2096,5.0
2097,5.0
2098,5.0
2099,4.0
2100,4.0
2101,3.0
2102,5.0
2103,4.0
2104,4.0
2105,5.0
2106,5.0
2107,5.0
2108,3.0
2109,5.0
2110,5.0
2111,5.0
2112,5.0
2113,4.0
2114,3.0
2115,5.0
2116,4.0
2117,4.0
2118,5.0
2119,3.0
2120,4.0
2121,4.0
2122,4.0
2123,4.0
2124,5.0
2125,5.0
2126,5.0
2127,5.0
2128,5.0
2129,5.0
2130,5.0
2131,4.0
2132,4.0
2133,4.0
2134,3.0
2135,5.0
2136,5.0
2137,5.0
2138,5.0
2139,5.0
2140,5.0
2141,4.0
2142,5.0
2143,5.0
2144,5.0
2145,5.0
2146,4.0
2147,5.0
2148,3.0
2149,5.0
2150,4.0
2151,4.0
2152,5.0
2153,3.0
2154,5.0
2155,5.0
2156,4.0
2157,5.0
2158,5.0
2159,5.0
2160,4.0
2161,5.0
2162,4.0
2163,5.0
2164,4.0
2165,4.0
2166,2.0
2167,2.0
2168,3.0
2169,4.0
2170,4.0
2171,4.0
2172,5.0
2173,5.0
2174,3.0
2175,5.0
2176,5.0
2177,3.0
2178,5.0
2179,4.0
2180,4.0
2181,5.0
2182,4.0
2183,5.0
2184,5.0
2185,5.0
2186,5.0
2187,5.0
2188,4.0
2189,4.0
2190,5.0
2191,4.0
2192,4.0
2193,4.0
2194,4.0
2195,5.0
2196,5.0
2197,4.0
2198,5.0
2199,5.0
2200,5.0
2201,4.0
2202,5.0
2203,5.0
2204,5.0
2205,3.0
2206,3.0
2207,3.0
2208,4.0
2209,4.0
2210,4.0
2211,5.0
2212,4.0
2213,5.0
2214,2.0
2215,4.0
2216,5.0
2217,5.0
2218,5.0
2219,5.0
2220,5.0
2221,4.0
2222,4.0
2223,4.0
2224,5.0
2225,5.0
2226,3.0
2227,4.0
2228,5.0
2229,5.0
2230,4.0
2231,4.0
2232,4.0
2233,5.0
2234,5.0
2235,4.0
2236,5.0
2237,4.0
2238,4.0
2239,5.0
2240,4.0
2241,4.0
2242,4.0
2243,5.0
2244,4.0
2245,4.0
2246,5.0
2247,5.0
2248,5.0
2249,4.0
2250,5.0
2251,5.0
2252,5.0
2253,3.0
2254,5.0
2255,5.0
2256,5.0
2257,5.0
2258,5.0
2259,5.0
2260,5.0
2261,5.0
2262,4.0
2263,5.0
2264,5.0
2265,5.0
2266,4.0
2267,4.0
2268,4.0
2269,5.0
2270,5.0
2271,5.0
2272,5.0
2273,5.0
2274,5.0
2275,4.0
2276,5.0
2277,5.0
2278,5.0
2279,5.0
2280,3.0
2281,3.0
2282,4.0
2283,4.0
2284,5.0
2285,4.0
2286,5.0
2287,5.0
2288,4.0
2289,5.0
2290,5.0
2291,2.0
2292,4.0
2293,5.0
2294,5.0
2295,4.0
2296,4.0
2297,4.0
2298,5.0
2299,5.0
2300,4.0
2301,4.0
2302,4.0
2303,5.0
2304,4.0
2305,5.0
2306,4.0
2307,5.0
2308,4.0
2309,5.0
2310,4.0
2311,5.0
2312,4.0
2313,4.0
2314,5.0
2315,5.0
2316,5.0
2317,5.0
2318,4.0
2319,5.0
2320,2.0
2321,5.0
2322,5.0
2323,5.0
2324,5.0
2325,4.0
2326,3.0
2327,5.0
2328,5.0
2329,5.0
2330,5.0
2331,5.0
2332,5.0
2333,5.0
2334,4.0
2335,4.0
2336,5.0
2337,5.0
2338,5.0
2339,5.0
2340,4.0
2341,4.0
2342,5.0
2343,5.0
2344,5.0
2345,5.0
2346,5.0
2347,5.0
2348,5.0
2349,4.0
2350,5.0
2351,5.0
2352,5.0
2353,5.0
2354,4.0
2355,4.0
2356,5.0
2357,4.0
2358,4.0
2359,3.0
2360,4.0
2361,4.0
2362,5.0
2363,3.0
2364,4.0
2365,5.0
2366,5.0
2367,2.0
2368,3.0
2369,5.0
2370,5.0
2371,4.0
2372,4.0
2373,5.0
2374,5.0
2375,5.0
2376,4.0
2377,5.0
2378,5.0
2379,5.0
2380,5.0
2381,4.0
2382,5.0
2383,4.0
2384,4.0
2385,4.0
2386,5.0
2387,3.0
2388,5.0
2389,5.0
2390,4.0
2391,5.0
2392,4.0
2393,4.0
2394,5.0
2395,5.0
2396,5.0
2397,5.0
2398,5.0
2399,5.0
2400,4.0
2401,5.0
2402,5.0
2403,4.0
2404,5.0
2405,5.0
2406,5.0
2407,5.0
2408,5.0
2409,5.0
2410,5.0
2411,4.0
2412,4.0
2413,4.0
2414,5.0
2415,5.0
2416,5.0
2417,4.0
2418,4.0
2419,3.0
2420,3.0
2421,3.0
2422,5.0
2423,5.0
2424,3.0
2425,3.0
2426,5.0
2427,5.0
2428,4.0
2429,5.0
2430,5.0
2431,5.0
2432,5.0
2433,4.0
2434,4.0
2435,4.0
2436,4.0
2437,4.0
2438,5.0
2439,4.0
2440,4.0
2441,3.0
2442,5.0
2443,5.0
2444,4.0
2445,4.0
2446,5.0
2447,5.0
2448,5.0
2449,5.0
2450,5.0
2451,1.0
2452,3.0
2453,5.0
2454,5.0
2455,4.0
2456,5.0
2457,5.0
2458,3.0
2459,5.0
2460,4.0
2461,5.0
2462,5.0
2463,4.0
2464,5.0
2465,5.0
2466,5.0
2467,5.0
2468,5.0
2469,5.0
2470,5.0
2471,5.0
2472,5.0
2473,4.0
2474,4.0
2475,5.0
2476,4.0
2477,5.0
2478,5.0
2479,4.0
2480,5.0
2481,4.0
2482,5.0
2483,4.0
2484,4.0
2485,4.0
2486,4.0
2487,4.0
2488,5.0
2489,5.0
2490,4.0
2491,3.0
2492,5.0
2493,5.0
2494,5.0
2495,4.0
2496,3.0
2497,3.0
2498,4.0
2499,5.0
2500,5.0
2501,5.0
2502,5.0
2503,4.0
2504,4.0
2505,5.0
2506,2.0
2507,4.0
2508,4.0
2509,4.0
2510,5.0
2511,4.0
2512,4.0
2513,5.0
2514,4.0
2515,4.0
2516,5.0
2517,4.0
2518,5.0
2519,5.0
2520,5.0
2521,5.0
2522,3.0
2523,3.0
2524,4.0
2525,4.0
2526,4.0
2527,5.0
2528,5.0
2529,4.0
2530,4.0
2531,3.0
2532,4.0
2533,5.0
2534,5.0
2535,5.0
2536,5.0
2537,3.0
2538,5.0
2539,5.0
2540,4.0
2541,4.0
2542,5.0
2543,3.0
2544,5.0
2545,5.0
2546,5.0
2547,4.0
2548,5.0
2549,5.0
2550,5.0
2551,4.0
2552,5.0
2553,5.0
2554,5.0
2555,5.0
2556,5.0
2557,4.0
2558,3.0
2559,5.0
2560,5.0
2561,5.0
2562,5.0
2563,5.0
2564,5.0
2565,4.0
2566,5.0
2567,3.0
2568,4.0
2569,4.0
2570,4.0
2571,5.0
2572,4.0
2573,4.0
2574,4.0
2575,5.0
2576,3.0
2577,3.0
2578,4.0
2579,5.0
2580,5.0
2581,5.0
2582,5.0
2583,4.0
2584,5.0
2585,4.0
2586,5.0
2587,5.0
2588,3.0
2589,3.0
2590,4.0
2591,4.0
2592,5.0
2593,5.0
2594,5.0
2595,3.0
2596,3.0
2597,3.0
2598,4.0
2599,2.0
2600,3.0
2601,3.0
2602,5.0
2603,3.0
2604,5.0
2605,5.0
2606,3.0
2607,5.0
2608,4.0
2609,4.0
2610,5.0
2611,2.0
2612,4.0
2613,4.0
2614,4.0
2615,5.0
2616,4.0
2617,5.0
2618,3.0
2619,4.0
2620,5.0
2621,5.0
2622,5.0
2623,5.0
2624,5.0
2625,5.0
2626,5.0
2627,5.0
2628,5.0
2629,4.0
2630,4.0
2631,5.0
2632,5.0
2633,4.0
2634,4.0
2635,5.0
2636,5.0
2637,2.0
2638,5.0
2639,5.0
2640,5.0
2641,4.0
2642,4.0
2643,4.0
2644,5.0
2645,5.0
2646,5.0
2647,4.0
2648,4.0
2649,5.0
2650,5.0
2651,4.0
2652,4.0
2653,4.0
2654,4.0
2655,2.0
2656,2.0
2657,5.0
2658,5.0
2659,5.0
2660,5.0
2661,5.0
2662,4.0
2663,4.0
2664,4.0
2665,3.0
2666,3.0
2667,4.0
2668,4.0
2669,4.0
2670,5.0
2671,5.0
2672,4.0
2673,5.0
2674,5.0
2675,5.0
2676,5.0
2677,4.0
2678,4.0
2679,4.0
2680,4.0
2681,4.0
2682,5.0
2683,5.0
2684,5.0
2685,5.0
2686,5.0
2687,3.0
2688,4.0
2689,4.0
2690,5.0
2691,5.0
2692,5.0
2693,4.0
2694,4.0
2695,4.0
2696,4.0
2697,5.0
2698,5.0
2699,5.0
2700,5.0
2701,5.0
2702,3.0
2703,5.0
2704,5.0
2705,5.0
2706,4.0
2707,4.0
2708,5.0
2709,5.0
2710,4.0
2711,4.0
2712,5.0
2713,5.0
2714,5.0
2715,5.0
2716,5.0
2717,5.0
2718,4.0
2719,4.0
2720,5.0
2721,5.0
2722,4.0
2723,4.0
2724,4.0
2725,4.0
2726,5.0
2727,5.0
2728,4.0
2729,3.0
2730,5.0
2731,3.0
2732,5.0
2733,5.0
2734,4.0
2735,4.0
2736,4.0
2737,5.0
2738,5.0
2739,5.0
2740,4.0
2741,4.0
2742,4.0
2743,2.0
2744,5.0
2745,5.0
2746,5.0
2747,5.0
2748,4.0
2749,4.0
2750,5.0
2751,5.0
2752,5.0
2753,4.0
2754,4.0
2755,4.0
2756,5.0
2757,2.0
2758,4.0
2759,5.0
2760,4.0
2761,4.0
2762,5.0
2763,5.0
2764,3.0
2765,5.0
2766,4.0
2767,4.0
2768,2.0
2769,2.0
2770,4.0
2771,5.0
2772,5.0
2773,5.0
2774,5.0
2775,5.0
2776,4.0
2777,5.0
2778,5.0
2779,5.0
2780,5.0
2781,5.0
2782,5.0
2783,5.0
2784,5.0
2785,5.0
2786,5.0
2787,5.0
2788,5.0
2789,5.0
2790,5.0
2791,3.0
2792,5.0
2793,5.0
2794,5.0
2795,5.0
2796,5.0
2797,3.0
2798,3.0
2799,5.0
2800,5.0
2801,5.0
2802,3.0
2803,5.0
2804,5.0
2805,5.0
2806,4.0
2807,5.0
2808,5.0
2809,5.0
2810,5.0
2811,5.0
2812,3.0
2813,3.0
2814,5.0
2815,5.0
2816,5.0
2817,4.0
2818,4.0
2819,4.0
2820,5.0
2821,4.0
2822,4.0
2823,5.0
2824,5.0
2825,5.0
2826,4.0
2827,5.0
2828,5.0
2829,3.0
2830,3.0
2831,5.0
2832,5.0
2833,3.0
2834,3.0
2835,3.0
2836,5.0
2837,4.0
2838,5.0
2839,5.0
2840,4.0
2841,5.0
2842,5.0
2843,4.0
2844,4.0
2845,5.0
2846,5.0
2847,5.0
2848,4.0
2849,5.0
2850,5.0
2851,5.0
2852,5.0
2853,5.0
2854,4.0
2855,3.0
2856,5.0
2857,3.0
2858,4.0
2859,4.0
2860,4.0
2861,3.0
2862,3.0
2863,3.0
2864,3.0
2865,5.0
2866,5.0
2867,5.0
2868,5.0
2869,5.0
2870,5.0
2871,5.0
2872,5.0
2873,5.0
2874,5.0
2875,5.0
2876,4.0
2877,5.0
2878,5.0
2879,5.0
2880,3.0
2881,4.0
2882,4.0
2883,2.0
2884,5.0
2885,5.0
2886,4.0
2887,4.0
2888,5.0
2889,5.0
2890,4.0
2891,4.0
2892,4.0
2893,5.0
2894,3.0
2895,3.0
2896,5.0
2897,3.0
2898,5.0
2899,5.0
2900,5.0
2901,4.0
2902,4.0
2903,5.0
2904,5.0
2905,4.0
2906,5.0
2907,5.0
2908,4.0
2909,4.0
2910,5.0
2911,5.0
2912,5.0
2913,5.0
2914,5.0
2915,4.0
2916,5.0
2917,5.0
2918,5.0
2919,4.0
2920,5.0
2921,3.0
2922,3.0
2923,3.0
2924,4.0
2925,4.0
2926,4.0
2927,4.0
2928,4.0
2929,4.0
2930,5.0
2931,5.0
2932,5.0
2933,4.0
2934,5.0
2935,5.0
2936,5.0
2937,5.0
2938,5.0
2939,4.0
2940,3.0
2941,4.0
2942,4.0
2943,4.0
2944,4.0
2945,5.0
2946,5.0
2947,3.0
2948,4.0
2949,4.0
2950,5.0
2951,5.0
2952,5.0
2953,5.0
2954,3.0
2955,4.0
2956,4.0
2957,4.0
2958,4.0
2959,4.0
2960,5.0
2961,5.0
2962,5.0
2963,5.0
2964,5.0
2965,4.0
2966,5.0
2967,3.0
2968,4.0
2969,5.0
2970,5.0
2971,5.0
2972,5.0
2973,2.0
2974,5.0
2975,5.0
2976,3.0
2977,4.0
2978,4.0
2979,2.0
2980,5.0
2981,5.0
2982,5.0
2983,4.0
2984,4.0
2985,5.0
2986,4.0
2987,4.0
2988,5.0
2989,3.0
2990,5.0
2991,4.0
2992,5.0
2993,5.0
2994,2.0
2995,5.0
2996,5.0
2997,5.0
2998,5.0
2999,3.0
3000,4.0
3001,5.0
3002,5.0
3003,2.0
3004,4.0
3005,5.0
3006,5.0
3007,3.0
3008,5.0
3009,5.0
3010,5.0
3011,5.0
3012,4.0
3013,5.0
3014,5.0
3015,3.0
3016,5.0
3017,5.0
3018,5.0
3019,5.0
3020,5.0
3021,5.0
3022,5.0
3023,5.0
3024,5.0
3025,3.0
3026,3.0
3027,4.0
3028,5.0
3029,3.0
3030,4.0
3031,5.0
3032,4.0
3033,5.0
3034,5.0
3035,5.0
3036,5.0
3037,5.0
3038,3.0
3039,5.0
3040,5.0
3041,5.0
3042,4.0
3043,5.0
3044,3.0
3045,5.0
3046,4.0
3047,5.0
3048,4.0
3049,5.0
3050,5.0
3051,4.0
3052,4.0
3053,2.0
3054,4.0
3055,2.0
3056,5.0
3057,5.0
3058,5.0
3059,5.0
3060,5.0
3061,5.0
3062,5.0
3063,5.0
3064,5.0
3065,3.0
3066,5.0
3067,5.0
3068,5.0
3069,4.0
3070,5.0
3071,4.0
3072,4.0
3073,4.0
3074,3.0
3075,4.0
3076,5.0
3077,3.0
3078,3.0
3079,5.0
3080,3.0
3081,3.0
3082,5.0
3083,2.0
3084,5.0
3085,5.0
3086,5.0
3087,5.0
3088,5.0
3089,5.0
3090,3.0
3091,5.0
3092,3.0
3093,4.0
3094,3.0
3095,3.0
3096,5.0
3097,5.0
3098,5.0
3099,5.0
3100,5.0
3101,5.0
3102,5.0
3103,5.0
3104,5.0
3105,5.0
3106,5.0
3107,4.0
3108,3.0
3109,4.0
3110,5.0
3111,5.0
3112,5.0
3113,5.0
3114,2.0
3115,5.0
3116,5.0
3117,4.0
3118,4.0
3119,4.0
3120,5.0
3121,5.0
3122,5.0
3123,5.0
3124,5.0
3125,5.0
3126,4.0
3127,4.0
3128,4.0
3129,4.0
3130,5.0
3131,4.0
3132,5.0
3133,4.0
3134,5.0
3135,5.0
3136,4.0
3137,5.0
3138,3.0
3139,4.0
3140,4.0
3141,4.0
3142,5.0
3143,5.0
3144,4.0
3145,4.0
3146,4.0
3147,3.0
3148,5.0
3149,4.0
3150,5.0
3151,5.0
3152,5.0
3153,5.0
3154,3.0
3155,4.0
3156,4.0
3157,5.0
3158,5.0
3159,5.0
3160,4.0
3161,4.0
3162,1.0
3163,5.0
3164,4.0
3165,5.0
3166,5.0
3167,5.0
3168,5.0
3169,5.0
3170,4.0
3171,5.0
3172,5.0
3173,5.0
3174,4.0
3175,5.0
3176,5.0
3177,5.0
3178,5.0
3179,4.0
3180,4.0
3181,4.0
3182,5.0
3183,4.0
3184,5.0
3185,5.0
3186,5.0
3187,5.0
3188,4.0
3189,5.0
3190,5.0
3191,3.0
3192,5.0
3193,5.0
3194,5.0
3195,5.0
3196,5.0
3197,5.0
3198,4.0
3199,4.0
3200,4.0
3201,4.0
3202,5.0
3203,5.0
3204,4.0
3205,5.0
3206,5.0
3207,3.0
3208,4.0
3209,4.0
3210,4.0
3211,4.0
3212,5.0
3213,4.0
3214,4.0
3215,4.0
3216,4.0
3217,4.0
3218,4.0
3219,5.0
3220,5.0
3221,4.0
3222,4.0
3223,5.0
3224,3.0
3225,5.0
3226,2.0
3227,3.0
3228,3.0
3229,4.0
3230,4.0
3231,5.0
3232,5.0
3233,5.0
3234,3.0
3235,4.0
3236,5.0
3237,5.0
3238,5.0
3239,5.0
3240,5.0
3241,5.0
3242,5.0
3243,3.0
3244,3.0
3245,5.0
3246,5.0
3247,5.0
3248,5.0
3249,5.0
3250,5.0
3251,5.0
3252,4.0
3253,4.0
3254,3.0
3255,5.0
3256,4.0
3257,4.0
3258,5.0
3259,5.0
3260,5.0
3261,5.0
3262,4.0
3263,4.0
3264,5.0
3265,5.0
3266,5.0
3267,5.0
3268,4.0
3269,5.0
3270,5.0
3271,4.0
3272,5.0
3273,5.0
3274,5.0
3275,3.0
3276,4.0
3277,5.0
3278,5.0
3279,5.0
3280,5.0
3281,5.0
3282,4.0
3283,5.0
3284,4.0
3285,5.0
3286,5.0
3287,4.0
3288,5.0
3289,5.0
3290,5.0
3291,5.0
3292,5.0
3293,4.0
3294,4.0
3295,5.0
3296,5.0
3297,5.0
3298,4.0
3299,3.0
3300,5.0
3301,5.0
3302,5.0
3303,5.0
3304,5.0
3305,5.0
3306,5.0
3307,5.0
3308,5.0
3309,5.0
3310,4.0
3311,3.0
3312,4.0
3313,4.0
3314,4.0
3315,4.0
3316,5.0
3317,5.0
3318,5.0
3319,3.0
3320,5.0
3321,5.0
3322,5.0
3323,5.0
3324,4.0
3325,5.0
3326,5.0
3327,2.0
3328,2.0
3329,5.0
3330,5.0
3331,4.0
3332,5.0
3333,4.0
3334,5.0
3335,5.0
3336,5.0
3337,5.0
3338,5.0
3339,5.0
3340,5.0
3341,4.0
3342,4.0
3343,5.0
3344,3.0
3345,4.0
3346,4.0
3347,4.0
3348,5.0
3349,4.0
3350,4.0
3351,5.0
3352,5.0
3353,5.0
3354,3.0
3355,5.0
3356,5.0
3357,5.0
3358,5.0
3359,5.0
3360,5.0
3361,3.0
3362,5.0
3363,5.0
3364,5.0
3365,5.0
3366,4.0
3367,4.0
3368,4.0
3369,5.0
3370,5.0
3371,3.0
3372,5.0
3373,5.0
3374,4.0
3375,5.0
3376,5.0
3377,4.0
3378,4.0
3379,4.0
3380,4.0
3381,5.0
3382,4.0
3383,3.0
3384,5.0
3385,4.0
3386,4.0
3387,4.0
3388,3.0
3389,3.0
3390,5.0
3391,4.0
3392,5.0
3393,5.0
3394,5.0
3395,5.0
3396,5.0
3397,5.0
3398,5.0
3399,4.0
3400,4.0
3401,4.0
3402,5.0
3403,5.0
3404,5.0
3405,5.0
3406,4.0
3407,5.0
3408,5.0
3409,5.0
3410,5.0
3411,4.0
3412,5.0
3413,5.0
3414,3.0
3415,4.0
3416,3.0
3417,4.0
3418,4.0
3419,4.0
3420,3.0
3421,3.0
3422,4.0
3423,4.0
3424,4.0
3425,5.0
3426,4.0
3427,5.0
3428,5.0
3429,5.0
3430,1.0
3431,4.0
3432,3.0
3433,4.0
3434,5.0
3435,5.0
3436,5.0
3437,5.0
3438,5.0
3439,5.0
3440,4.0
3441,4.0
3442,4.0
3443,4.0
3444,5.0
3445,5.0
3446,5.0
3447,5.0
3448,5.0
3449,4.0
3450,4.0
3451,4.0
3452,3.0
3453,4.0
3454,4.0
3455,3.0
3456,3.0
3457,4.0
3458,4.0
3459,5.0
3460,5.0
3461,3.0
3462,5.0
3463,5.0
3464,3.0
3465,5.0
3466,3.0
3467,5.0
3468,5.0
3469,5.0
3470,3.0
3471,4.0
3472,3.0
3473,3.0
3474,5.0
3475,5.0
3476,4.0
3477,4.0
3478,5.0
3479,5.0
3480,5.0
3481,5.0
3482,4.0
3483,5.0
3484,5.0
3485,5.0
3486,5.0
3487,4.0
3488,4.0
3489,5.0
3490,5.0
3491,5.0
3492,4.0
3493,4.0
3494,5.0
3495,4.0
3496,5.0
3497,5.0
3498,4.0
3499,5.0
3500,4.0
3501,5.0
3502,5.0
3503,5.0
3504,5.0
3505,4.0
3506,3.0
3507,3.0
3508,5.0
3509,2.0
3510,4.0
3511,5.0
3512,5.0
3513,4.0
3514,4.0
3515,4.0
3516,3.0
3517,5.0
3518,5.0
3519,5.0
3520,5.0
3521,3.0
3522,5.0
3523,5.0
3524,5.0
3525,3.0
3526,4.0
3527,4.0
3528,5.0
3529,3.0
3530,3.0
3531,5.0
3532,5.0
3533,4.0
3534,5.0
3535,4.0
3536,4.0
3537,5.0
3538,5.0
3539,5.0
3540,4.0
3541,3.0
3542,3.0
3543,3.0
3544,4.0
3545,4.0
3546,5.0
3547,5.0
3548,4.0
3549,5.0
3550,5.0
3551,5.0
3552,4.0
3553,5.0
3554,4.0
3555,4.0
3556,4.0
3557,4.0
3558,5.0
3559,3.0
3560,4.0
3561,4.0
3562,5.0
3563,4.0
3564,4.0
3565,4.0
3566,3.0
3567,2.0
3568,3.0
3569,4.0
3570,4.0
3571,5.0
3572,5.0
3573,5.0
3574,4.0
3575,4.0
3576,4.0
3577,5.0
3578,5.0
3579,5.0
3580,5.0
3581,4.0
3582,4.0
3583,3.0
3584,5.0
3585,5.0
3586,4.0
3587,4.0
3588,5.0
3589,5.0
3590,3.0
3591,4.0
3592,5.0
3593,3.0
3594,5.0
3595,5.0
3596,5.0
3597,5.0
3598,4.0
3599,5.0
3600,5.0
3601,4.0
3602,4.0
3603,5.0
3604,5.0
3605,5.0
3606,3.0
3607,5.0
3608,5.0
3609,4.0
3610,3.0
3611,5.0
3612,5.0
3613,5.0
3614,5.0
3615,4.0
3616,5.0
3617,5.0
3618,4.0
3619,4.0
3620,3.0
3621,5.0
3622,4.0
3623,5.0
3624,5.0
3625,5.0
3626,4.0
3627,4.0
3628,5.0
3629,5.0
3630,5.0
3631,4.0
3632,5.0
3633,4.0
3634,5.0
3635,5.0
3636,4.0
3637,5.0
3638,3.0
3639,5.0
3640,5.0
3641,4.0
3642,4.0
3643,5.0
3644,3.0
3645,5.0
3646,5.0
3647,5.0
3648,5.0
3649,1.0
3650,5.0
3651,3.0
3652,3.0
3653,5.0
3654,5.0
3655,5.0
3656,5.0
3657,5.0
3658,5.0
3659,5.0
3660,5.0
3661,5.0
3662,4.0
3663,5.0
3664,3.0
3665,2.0
3666,5.0
3667,2.0
3668,4.0
3669,4.0
3670,5.0
3671,4.0
3672,5.0
3673,5.0
3674,5.0
3675,5.0
3676,5.0
3677,3.0
3678,5.0
3679,5.0
3680,5.0
3681,5.0
3682,5.0
3683,4.0
3684,5.0
3685,5.0
3686,4.0
3687,4.0
3688,5.0
3689,5.0
3690,4.0
3691,4.0
3692,5.0
3693,5.0
3694,5.0
3695,5.0
3696,3.0
3697,4.0
3698,4.0
3699,4.0
3700,3.0
3701,5.0
3702,5.0
3703,5.0
3704,3.0
3705,4.0
3706,4.0
3707,4.0
3708,5.0
3709,5.0
3710,4.0
3711,4.0
3712,4.0
3713,5.0
3714,5.0
3715,3.0
3716,5.0
3717,3.0
3718,5.0
3719,3.0
3720,4.0
3721,5.0
3722,5.0
3723,3.0
3724,3.0
3725,5.0
3726,5.0
3727,3.0
3728,3.0
3729,5.0
3730,5.0
3731,3.0
3732,4.0
3733,3.0
3734,5.0
3735,4.0
3736,4.0
3737,4.0
3738,4.0
3739,5.0
3740,4.0
3741,5.0
3742,4.0
3743,4.0
3744,5.0
3745,3.0
3746,4.0
3747,5.0
3748,5.0
3749,5.0
3750,5.0
3751,4.0
3752,4.0
3753,2.0
3754,2.0
3755,4.0
3756,4.0
3757,3.0
3758,5.0
3759,2.0
3760,5.0
3761,4.0
3762,4.0
3763,4.0
3764,5.0
3765,5.0
3766,3.0
3767,4.0
3768,4.0
3769,5.0
3770,5.0
3771,5.0
3772,4.0
3773,4.0
3774,4.0
3775,4.0
3776,5.0
3777,4.0
3778,5.0
3779,5.0
3780,5.0
3781,2.0
3782,2.0
3783,5.0
3784,5.0
3785,5.0
3786,4.0
3787,4.0
3788,4.0
3789,5.0
3790,5.0
3791,5.0
3792,4.0
3793,5.0
3794,4.0
3795,4.0
3796,4.0
3797,5.0
3798,4.0
3799,4.0
3800,4.0
3801,5.0
3802,4.0
3803,5.0
3804,5.0
3805,5.0
3806,5.0
3807,5.0
3808,5.0
3809,5.0
3810,5.0
3811,5.0
3812,5.0
3813,2.0
3814,5.0
3815,5.0
3816,5.0
3817,5.0
3818,5.0
3819,5.0
3820,3.0
3821,4.0
3822,4.0
3823,4.0
3824,4.0
3825,5.0
3826,5.0
3827,4.0
3828,4.0
3829,4.0
3830,5.0
3831,5.0
3832,4.0
3833,5.0
3834,5.0
3835,2.0
3836,5.0
3837,5.0
3838,5.0
3839,5.0
3840,3.0
3841,4.0
3842,4.0
3843,5.0
3844,5.0
3845,5.0
3846,3.0
3847,5.0
3848,5.0
3849,5.0
3850,5.0
3851,5.0
3852,5.0
3853,4.0
3854,3.0
3855,3.0
3856,5.0
3857,5.0
3858,5.0
3859,4.0
3860,4.0
3861,5.0
3862,4.0
3863,3.0
3864,4.0
3865,4.0
3866,4.0
3867,4.0
3868,4.0
3869,4.0
3870,2.0
3871,4.0
3872,3.0
3873,5.0
3874,5.0
3875,5.0
3876,5.0
3877,5.0
3878,3.0
3879,3.0
3880,4.0
3881,4.0
3882,4.0
3883,4.0
3884,4.0
3885,4.0
3886,5.0
3887,5.0
3888,4.0
3889,5.0
3890,2.0
3891,5.0
3892,5.0
3893,5.0
3894,5.0
3895,4.0
3896,5.0
3897,5.0
3898,5.0
3899,5.0
3900,5.0
3901,4.0
3902,5.0
3903,5.0
3904,5.0
3905,5.0
3906,5.0
3907,5.0
3908,5.0
3909,5.0
3910,5.0
3911,5.0
3912,2.0
3913,5.0
3914,5.0
3915,3.0
3916,3.0
3917,4.0
3918,4.0
3919,4.0
3920,4.0
3921,5.0
3922,4.0
3923,3.0
3924,2.0
3925,5.0
3926,4.0
3927,5.0
3928,5.0
3929,4.0
3930,4.0
3931,4.0
3932,5.0
3933,4.0
3934,5.0
3935,5.0
3936,5.0
3937,5.0
3938,3.0
3939,4.0
3940,4.0
3941,4.0
3942,4.0
3943,4.0
3944,4.0
3945,5.0
3946,5.0
3947,5.0
3948,5.0
3949,3.0
3950,3.0
3951,5.0
3952,5.0
3953,4.0
3954,5.0
3955,5.0
3956,5.0
3957,5.0
3958,3.0
3959,5.0
3960,5.0
3961,3.0
3962,4.0
3963,5.0
3964,5.0
3965,2.0
3966,5.0
3967,5.0
3968,4.0
3969,4.0
3970,5.0
3971,5.0
3972,4.0
3973,5.0
3974,3.0
3975,5.0
3976,5.0
3977,5.0
3978,5.0
3979,5.0
3980,5.0
3981,5.0
3982,4.0
3983,5.0
3984,5.0
3985,4.0
3986,4.0
3987,5.0
3988,5.0
3989,3.0
3990,5.0
3991,5.0
3992,5.0
3993,5.0
3994,5.0
3995,5.0
3996,5.0
3997,5.0
3998,5.0
3999,5.0
4000,5.0
4001,5.0
4002,5.0
4003,5.0
4004,5.0
4005,5.0
4006,5.0
4007,5.0
4008,5.0
4009,5.0
4010,5.0
4011,5.0
4012,5.0
4013,4.0
4014,3.0
4015,3.0
4016,5.0
4017,5.0
4018,4.0
4019,5.0
4020,4.0
4021,5.0
4022,4.0
4023,4.0
4024,5.0
4025,4.0
4026,4.0
4027,5.0
4028,5.0
4029,5.0
4030,5.0
4031,4.0
4032,4.0
4033,5.0
4034,5.0
4035,5.0
4036,4.0
4037,4.0
4038,3.0
4039,3.0
4040,2.0
4041,2.0
4042,5.0
4043,5.0
4044,5.0
4045,5.0
4046,3.0
4047,5.0
4048,4.0
4049,5.0
4050,2.0
4051,5.0
4052,5.0
4053,5.0
4054,3.0
4055,3.0
4056,2.0
4057,5.0
4058,2.0
4059,5.0
4060,5.0
4061,3.0
4062,4.0
4063,4.0
4064,4.0
4065,4.0
4066,5.0
4067,5.0
4068,5.0
4069,3.0
4070,5.0
4071,5.0
4072,3.0
4073,3.0
4074,3.0
4075,4.0
4076,4.0
4077,5.0
4078,5.0
4079,5.0
4080,5.0
4081,4.0
4082,4.0
4083,5.0
4084,5.0
4085,5.0
4086,5.0
4087,5.0
4088,4.0
4089,4.0
4090,5.0
4091,5.0
4092,5.0
4093,5.0
4094,5.0
4095,5.0
4096,5.0
4097,5.0
4098,5.0
4099,4.0
4100,4.0
4101,5.0
4102,3.0
4103,5.0
4104,5.0
4105,5.0
4106,5.0
4107,5.0
4108,5.0
4109,5.0
4110,4.0
4111,5.0
4112,3.0
4113,3.0
4114,5.0
4115,5.0
4116,4.0
4117,5.0
4118,3.0
4119,4.0
4120,5.0
4121,5.0
4122,5.0
4123,4.0
4124,4.0
4125,5.0
4126,3.0
4127,5.0
4128,4.0
4129,3.0
4130,5.0
4131,5.0
4132,5.0
4133,5.0
4134,3.0
4135,4.0
4136,3.0
4137,4.0
4138,4.0
4139,4.0
4140,2.0
4141,3.0
4142,5.0
4143,5.0
4144,4.0
4145,4.0
4146,5.0
4147,5.0
4148,5.0
4149,5.0
4150,4.0
4151,3.0
4152,3.0
4153,4.0
4154,5.0
4155,5.0
4156,5.0
4157,5.0
4158,4.0
4159,3.0
4160,4.0
4161,4.0
4162,5.0
4163,5.0
4164,3.0
4165,4.0
4166,5.0
4167,5.0
4168,4.0
4169,4.0
4170,5.0
4171,5.0
4172,5.0
4173,5.0
4174,5.0
4175,5.0
4176,5.0
4177,5.0
4178,5.0
4179,5.0
4180,5.0
4181,5.0
4182,3.0
4183,5.0
4184,5.0
4185,5.0
4186,3.0
4187,5.0
4188,5.0
4189,5.0
4190,4.0
4191,4.0
4192,5.0
4193,5.0
4194,5.0
4195,5.0
4196,5.0
4197,5.0
4198,5.0
4199,5.0
4200,5.0
4201,5.0
4202,5.0
4203,2.0
4204,5.0
4205,4.0
4206,5.0
4207,5.0
4208,4.0
4209,4.0
4210,4.0
4211,4.0
4212,5.0
4213,5.0
4214,5.0
4215,4.0
4216,5.0
4217,5.0
4218,5.0
4219,5.0
4220,3.0
4221,4.0
4222,4.0
4223,2.0
4224,4.0
4225,3.0
4226,4.0
4227,5.0
4228,5.0
4229,5.0
4230,5.0
4231,5.0
4232,5.0
4233,5.0
4234,4.0
4235,4.0
4236,5.0
4237,3.0
4238,5.0
4239,5.0
4240,3.0
4241,5.0
4242,5.0
4243,5.0
4244,4.0
4245,5.0
4246,3.0
4247,5.0
4248,5.0
4249,5.0
4250,5.0
4251,4.0
4252,4.0
4253,5.0
4254,2.0
4255,2.0
4256,4.0
4257,4.0
4258,4.0
4259,5.0
4260,3.0
4261,5.0
4262,4.0
4263,5.0
4264,5.0
4265,5.0
4266,5.0
4267,5.0
4268,5.0
4269,5.0
4270,5.0
4271,5.0
4272,5.0
4273,5.0
4274,5.0
4275,4.0
4276,3.0
4277,4.0
4278,4.0
4279,4.0
4280,5.0
4281,5.0
4282,5.0
4283,4.0
4284,5.0
4285,5.0
4286,5.0
4287,4.0
4288,4.0
4289,3.0
4290,5.0
4291,5.0
4292,5.0
4293,5.0
4294,5.0
4295,5.0
4296,4.0
4297,5.0
4298,5.0
4299,2.0
4300,4.0
4301,4.0
4302,4.0
4303,4.0
4304,3.0
4305,3.0
4306,5.0
4307,5.0
4308,5.0
4309,4.0
4310,5.0
4311,4.0
4312,5.0
4313,4.0
4314,5.0
4315,5.0
4316,4.0
4317,4.0
4318,4.0
4319,4.0
4320,1.0
4321,5.0
4322,4.0
4323,4.0
4324,4.0
4325,4.0
4326,5.0
4327,5.0
4328,5.0
4329,5.0
4330,5.0
4331,5.0
4332,5.0
4333,4.0
4334,4.0
4335,5.0
4336,4.0
4337,5.0
4338,5.0
4339,3.0
4340,5.0
4341,5.0
4342,5.0
4343,4.0
4344,5.0
4345,4.0
4346,5.0
4347,5.0
4348,5.0
4349,5.0
4350,5.0
4351,5.0
4352,5.0
4353,5.0
4354,5.0
4355,5.0
4356,5.0
4357,5.0
4358,5.0
4359,5.0
4360,4.0
4361,4.0
4362,5.0
4363,5.0
4364,5.0
4365,4.0
4366,4.0
4367,4.0
4368,5.0
4369,4.0
4370,3.0
4371,5.0
4372,5.0
4373,4.0
4374,5.0
4375,5.0
4376,5.0
4377,4.0
4378,5.0
4379,5.0
4380,2.0
4381,5.0
4382,5.0
4383,4.0
4384,4.0
4385,4.0
4386,4.0
4387,5.0
4388,5.0
4389,4.0
4390,4.0
4391,5.0
4392,5.0
4393,5.0
4394,5.0
4395,3.0
4396,3.0
4397,3.0
4398,4.0
4399,4.0
4400,5.0
4401,5.0
4402,5.0
4403,2.0
4404,2.0
4405,5.0
4406,5.0
4407,5.0
4408,5.0
4409,5.0
4410,5.0
4411,4.0
4412,5.0
4413,4.0
4414,5.0
4415,5.0
4416,5.0
4417,5.0
4418,3.0
4419,5.0
4420,5.0
4421,5.0
4422,5.0
4423,5.0
4424,4.0
4425,5.0
4426,5.0
4427,5.0
4428,5.0
4429,4.0
4430,4.0
4431,3.0
4432,5.0
4433,4.0
4434,3.0
4435,3.0
4436,5.0
4437,5.0
4438,5.0
4439,5.0
4440,5.0
4441,5.0
4442,5.0
4443,5.0
4444,5.0
4445,3.0
4446,3.0
4447,5.0
4448,5.0
4449,4.0
4450,4.0
4451,4.0
4452,5.0
4453,4.0
4454,4.0
4455,4.0
4456,4.0
4457,5.0
4458,5.0
4459,4.0
4460,4.0
4461,5.0
4462,5.0
4463,3.0
4464,4.0
4465,5.0
4466,4.0
4467,4.0
4468,3.0
4469,3.0
4470,5.0
4471,5.0
4472,5.0
4473,5.0
4474,5.0
4475,5.0
4476,5.0
4477,4.0
4478,4.0
4479,5.0
4480,3.0
4481,5.0
4482,5.0
4483,4.0
4484,5.0
4485,5.0
4486,5.0
4487,5.0
4488,5.0
4489,5.0
4490,5.0
4491,5.0
4492,5.0
4493,5.0
4494,5.0
4495,3.0
4496,5.0
4497,5.0
4498,5.0
4499,5.0
4500,5.0
4501,4.0
4502,4.0
4503,5.0
4504,5.0
4505,5.0
4506,3.0
4507,4.0
4508,4.0
4509,5.0
4510,5.0
4511,5.0
4512,5.0
4513,5.0
4514,5.0
4515,4.0
4516,4.0
4517,4.0
4518,5.0
4519,5.0
4520,3.0
4521,3.0
4522,3.0
4523,5.0
4524,5.0
4525,4.0
4526,5.0
4527,3.0
4528,3.0
4529,4.0
4530,4.0
4531,3.0
4532,3.0
4533,5.0
4534,4.0
4535,4.0
4536,5.0
4537,4.0
4538,5.0
4539,5.0
4540,5.0
4541,5.0
4542,5.0
4543,4.0
4544,4.0
4545,4.0
4546,5.0
4547,5.0
4548,5.0
4549,5.0
4550,4.0
4551,4.0
4552,4.0
4553,5.0
4554,5.0
4555,5.0
4556,5.0
4557,5.0
4558,3.0
4559,4.0
4560,5.0
4561,5.0
4562,5.0
4563,5.0
4564,5.0
4565,2.0
4566,5.0
4567,4.0
4568,5.0
4569,5.0
4570,5.0
4571,5.0
4572,3.0
4573,5.0
4574,5.0
4575,5.0
4576,5.0
4577,5.0
4578,2.0
4579,5.0
4580,5.0
4581,5.0
4582,3.0
4583,5.0
4584,4.0
4585,5.0
4586,5.0
4587,5.0
4588,5.0
4589,5.0
4590,5.0
4591,5.0
4592,5.0
4593,5.0
4594,4.0
4595,5.0
4596,5.0
4597,5.0
4598,5.0
4599,4.0
4600,4.0
4601,5.0
4602,3.0
4603,5.0
4604,5.0
4605,5.0
4606,4.0
4607,5.0
4608,5.0
4609,3.0
4610,3.0
4611,5.0
4612,5.0
4613,5.0
4614,3.0
4615,5.0
4616,5.0
4617,5.0
4618,3.0
4619,3.0
4620,4.0
4621,5.0
4622,5.0
4623,4.0
4624,5.0
4625,4.0
4626,4.0
4627,3.0
4628,3.0
4629,5.0
4630,5.0
4631,5.0
4632,5.0
4633,5.0
4634,3.0
4635,4.0
4636,4.0
4637,4.0
4638,4.0
4639,3.0
4640,5.0
4641,5.0
4642,4.0
4643,3.0
4644,3.0
4645,5.0
4646,5.0
4647,5.0
4648,5.0
4649,5.0
4650,5.0
4651,5.0
4652,4.0
4653,5.0
4654,4.0
4655,5.0
4656,3.0
4657,5.0
4658,5.0
4659,4.0
4660,4.0
4661,5.0
4662,4.0
4663,5.0
4664,5.0
4665,5.0
4666,5.0
4667,4.0
4668,5.0
4669,3.0
4670,3.0
4671,5.0
4672,5.0
4673,4.0
4674,5.0
4675,4.0
4676,5.0
4677,4.0
4678,4.0
4679,5.0
4680,5.0
4681,5.0
4682,5.0
4683,5.0
4684,5.0
4685,5.0
4686,5.0
4687,5.0
4688,5.0
4689,5.0
4690,5.0
4691,5.0
4692,4.0
4693,4.0
4694,5.0
4695,4.0
4696,4.0
4697,4.0
4698,5.0
4699,5.0
4700,5.0
4701,4.0
4702,4.0
4703,5.0
4704,4.0
4705,5.0
4706,5.0
4707,4.0
4708,5.0
4709,5.0
4710,5.0
4711,5.0
4712,5.0
4713,4.0
4714,3.0
4715,5.0
4716,4.0
4717,4.0
4718,2.0
4719,2.0
4720,5.0
4721,5.0
4722,5.0
4723,5.0
4724,4.0
4725,4.0
4726,4.0
4727,5.0
4728,2.0
4729,4.0
4730,5.0
4731,4.0
4732,5.0
4733,3.0
4734,5.0
4735,5.0
4736,5.0
4737,5.0
4738,5.0
4739,5.0
4740,4.0
4741,5.0
4742,5.0
4743,5.0
4744,5.0
4745,5.0
4746,4.0
4747,4.0
4748,5.0
4749,5.0
4750,5.0
4751,5.0
4752,5.0
4753,5.0
4754,5.0
4755,5.0
4756,5.0
4757,5.0
4758,5.0
4759,5.0
4760,2.0
4761,5.0
4762,5.0
4763,5.0
4764,5.0
4765,4.0
4766,3.0
4767,5.0
4768,5.0
4769,5.0
4770,5.0
4771,5.0
4772,3.0
4773,5.0
4774,4.0
4775,4.0
4776,4.0
4777,4.0
4778,5.0
4779,5.0
4780,5.0
4781,5.0
4782,5.0
4783,5.0
4784,5.0
4785,5.0
4786,5.0
4787,5.0
4788,5.0
4789,5.0
4790,5.0
4791,5.0
4792,5.0
4793,5.0
4794,4.0
4795,5.0
4796,4.0
4797,4.0
4798,4.0
4799,3.0
4800,5.0
4801,5.0
4802,4.0
4803,3.0
4804,4.0
4805,4.0
4806,4.0
4807,4.0
4808,4.0
4809,4.0
4810,3.0
4811,5.0
4812,5.0
4813,5.0
4814,5.0
4815,5.0
4816,3.0
4817,5.0
4818,5.0
4819,5.0
4820,4.0
4821,3.0
4822,3.0
4823,3.0
4824,3.0
4825,3.0
4826,5.0
4827,5.0
4828,5.0
4829,4.0
4830,4.0
4831,4.0
4832,5.0
4833,5.0
4834,5.0
4835,4.0
4836,4.0
4837,4.0
4838,5.0
4839,5.0
4840,3.0
4841,5.0
4842,5.0
4843,5.0
4844,5.0
4845,4.0
4846,3.0
4847,5.0
4848,4.0
4849,4.0
4850,4.0
4851,4.0
4852,4.0
4853,4.0
4854,5.0
4855,1.0
4856,1.0
4857,5.0
4858,5.0
4859,5.0
4860,4.0
4861,4.0
4862,5.0
4863,5.0
4864,5.0
4865,5.0
4866,5.0
4867,5.0
4868,4.0
4869,5.0
4870,5.0
4871,5.0
4872,4.0
4873,4.0
4874,5.0
4875,3.0
4876,5.0
4877,3.0
4878,3.0
4879,4.0
4880,5.0
4881,5.0
4882,5.0
4883,5.0
4884,3.0
4885,5.0
4886,5.0
4887,5.0
4888,4.0
4889,4.0
4890,5.0
4891,5.0
4892,4.0
4893,4.0
4894,4.0
4895,4.0
4896,5.0
4897,4.0
4898,5.0
4899,5.0
4900,5.0
4901,2.0
4902,5.0
4903,5.0
4904,3.0
4905,5.0
4906,5.0
4907,4.0
4908,3.0
4909,5.0
4910,5.0
4911,5.0
4912,5.0
4913,5.0
4914,5.0
4915,5.0
4916,5.0
4917,5.0
4918,3.0
4919,4.0
4920,4.0
4921,3.0
4922,5.0
4923,4.0
4924,4.0
4925,5.0
4926,4.0
4927,4.0
4928,3.0
4929,5.0
4930,5.0
4931,4.0
4932,4.0
4933,3.0
4934,3.0
4935,5.0
4936,4.0
4937,4.0
4938,5.0
4939,4.0
4940,4.0
4941,5.0
4942,5.0
4943,5.0
4944,5.0
4945,5.0
4946,5.0
4947,5.0
4948,5.0
4949,5.0
4950,5.0
4951,5.0
4952,5.0
4953,1.0
4954,5.0
4955,4.0
4956,5.0
4957,5.0
4958,5.0
4959,3.0
4960,4.0
4961,5.0
4962,4.0
4963,4.0
4964,5.0
4965,5.0
4966,4.0
4967,4.0
4968,3.0
4969,5.0
4970,5.0
4971,3.0
4972,2.0
4973,5.0
4974,5.0
4975,3.0
4976,2.0
4977,4.0
4978,5.0
4979,4.0
4980,4.0
4981,4.0
4982,3.0
4983,4.0
4984,5.0
4985,5.0
4986,5.0
4987,5.0
4988,4.0
4989,3.0
4990,3.0
4991,5.0
4992,4.0
4993,4.0
4994,5.0
4995,5.0
4996,2.0
4997,3.0
4998,4.0
4999,4.0
5000,5.0
5001,5.0
5002,3.0
5003,5.0
5004,5.0
5005,5.0
5006,3.0
5007,5.0
5008,2.0
5009,4.0
5010,5.0
5011,5.0
5012,5.0
5013,5.0
5014,4.0
5015,4.0
5016,4.0
5017,5.0
5018,4.0
5019,5.0
5020,5.0
5021,5.0
5022,5.0
5023,5.0
5024,4.0
5025,3.0
5026,4.0
5027,5.0
5028,5.0
5029,4.0
5030,4.0
5031,5.0
5032,4.0
5033,5.0
5034,5.0
5035,5.0
5036,5.0
5037,3.0
5038,3.0
5039,5.0
5040,5.0
5041,4.0
5042,4.0
5043,5.0
5044,4.0
5045,5.0
5046,4.0
5047,5.0
5048,5.0
5049,5.0
5050,5.0
5051,4.0
5052,5.0
5053,5.0
5054,4.0
5055,4.0
5056,4.0
5057,5.0
5058,5.0
5059,5.0
5060,5.0
5061,5.0
5062,5.0
5063,5.0
5064,5.0
5065,4.0
5066,4.0
5067,4.0
5068,5.0
5069,5.0
5070,5.0
5071,3.0
5072,3.0
5073,5.0
5074,5.0
5075,5.0
5076,5.0
5077,5.0
5078,4.0
5079,4.0
5080,5.0
5081,5.0
5082,5.0
5083,5.0
5084,4.0
5085,5.0
5086,5.0
5087,5.0
